Afuris,6969
Akbolto,6969
Akbronco,6969
Akjagara,6969
Aklato,6969
Aklex,6969
Akmagnus,6969
Aksomati,6969
Akvasto,6969
Akzani,6969
Amphis,6969
Angstrum,6969
Ankyros,6969
Arca Titron,6969
Ash,6969
Astilla,6969
Atomos,6969
Atterax,6969
Ballistica,6969
Bo,6969
Boltace,6969
Bolto,6969
Boltor,6969
Braton,6969
Bronco,6969
Burston,6969
Cernos,6969
Cestra,6969
Cobra & Crane,6969
Corinth,6969
Destreza,6969
Dragon Nikana,6969
Drakgoon,6969
Dual Cleavers,6969
Dual Ether,6969
Dual Heat Swords,6969
Dual Kamas,6969
Dual Keres,6969
Dual Skana,6969
Dual Zoren,6969
Ember,6969
Equinox,6969
Ether Reaper,6969
Ether Sword,6969
Excalibur,6969
Exergis,6969
Fang,6969
Fragor,6969
Frost,6969
Fulmin,6969
Furax,6969
Furis,6969
Fusilai,6969
Galatine,6969
Galvacord,6969
Gammacor,6969
Gauss,6969
Grakata,6969
Gram,6969
Grendel,6969
Halikar,6969
Harpak,6969
Hek,6969
Hikou,6969
Hind,6969
Hirudo,6969
Hydroid,6969
Hystrix,6969
Kama,6969
Karak,6969
Karyst,6969
Kestrel,6969
Knell,6969
Kogake,6969
Kohm,6969
Kraken,6969
Krohkur,6969
Kronen,6969
Kulstar,6969
Kunai,6969
Latron,6969
Lecta,6969
Lesion,6969
Lex,6969
Limbo,6969
Loki,6969
MK1-Strun,6969
Mag,6969
Magistar,6969
Magnus,6969
Mesa,6969
Mirage,6969
Mire,6969
Mutalist Cernos,6969
Nagantaka,6969
Nami Solo,6969
Nekros,6969
Ninkondi,6969
Nova,6969
Nyx,6969
Oberon,6969
Obex,6969
Ohma,6969
Orthos,6969
Pandero,6969
Panthera,6969
Paris,6969
Penta,6969
Phantasma,6969
Plinx,6969
Proboscis Cernos,6969
Pulmonars,6969
Quatz,6969
Redeemer,6969
Rhino,6969
Ripkas,6969
Rubico,6969
Sarpa,6969
Saryn,6969
Scindo,6969
Sibear,6969
Sobek,6969
Soma,6969
Sonicor,6969
Spira,6969
Stradavar,6969
Strun,6969
Stug,6969
Tatsu,6969
Tekko,6969
Tetra,6969
Tiberon,6969
Tigris,6969
Tipedo,6969
Tonkor,6969
Trinity,6969
Twin Basolk,6969
Twin Grakatas,6969
Twin Rogga,6969
Twin Vipers,6969
Tysis,6969
Valkyr,6969
Vasto,6969
Vauban,6969
Vectis,6969
Velox,6969
Viper,6969
Volnus,6969
Vulkar,6969
Zarr,6969
Zhuge,6969
